email,nombre,telefono
maintaining1819@outlook.com,Salvador,1
republican1939@live.com,Heriberto,2
footwear2082@live.com,Dionis,3
converter1847@duck.com,Edita,4
hiring2038@protonmail.com,Dulcina,5
reputation1883@gmail.com,Elvera,6
oakland1816@duck.com,Ramirez,7
maine2040@outlook.com,Clarisa,8
chem2046@duck.com,Montay,9
violent2094@example.com,Jerrold,10
prague1877@gmail.com,Aracelia,11
portraits2000@example.org,Carlita,12
sapphire1999@live.com,Jairo,13
belts1823@duck.com,Isidro,14
fuel1850@outlook.com,Cuartio,15
quarters1956@duck.com,Justino,16
oclc1945@example.org,Berta,17
principal2045@outlook.com,Bemabe,18
earth1893@yandex.com,Faron,19
comparable1896@example.com,Analena,20